Rozmiar,Nr,Czas_us
10,1,3.981
10,2,4.121
10,3,3.981
10,4,3.493
10,5,4.051
100,1,229.992
100,2,231.878
100,3,228.805
100,4,295.923
100,5,228.595
1000,1,22060.3
1000,2,22058.4
1000,3,22014.9
1000,4,22022.8
1000,5,22021.6
5000,1,550041
5000,2,549651
5000,3,550059
5000,4,550071
5000,5,549718
10000,1,2.19859e+06
10000,2,2.19905e+06
10000,3,2.1965e+06
10000,4,2.19814e+06
10000,5,2.20211e+06
15000,1,4.94961e+06
15000,2,4.94828e+06
15000,3,4.94827e+06
15000,4,4.94893e+06
15000,5,4.95765e+06
